{"Metrics/peak_height_mean":0.09697511047124863,"Train/mean_reward":80.84070582389832,"Loss/entropy":2.788455867767334,"Policy/mean_noise_std":0.31640705466270447,"Episode_Reward/soft_landing":-0.00012826899182982743,"Metrics/landing_force_mean":114.80810546875,"_wandb":{"runtime":1359},"_timestamp":1.7703099819668133e+09,"Episode_Reward/track_angular_velocity":1.4573192596435547,"Curriculum/command_vel/lin_vel_x_min":-1,"Episode_Reward/pose":0.7529149055480957,"Curriculum/command_vel/ang_vel_z_max":0.5,"Curriculum/command_vel/lin_vel_y_min":-1,"Curriculum/command_vel/ang_vel_z_min":-0.5,"_step":2999,"Episode_Reward/track_linear_velocity":1.5458674430847168,"Episode_Termination/illegal_contact":0.375,"Loss/learning_rate":0.00017085937500000009,"Episode_Reward/action_rate_l2":-0.37098440527915955,"Metrics/twist/error_vel_xy":0.5033630132675171,"Train/mean_episode_length":971.83,"Loss/value_function":0.0514040544629097,"Episode_Reward/upright":0.952476978302002,"Episode_Reward/angular_momentum":0,"Episode_Reward/body_ang_vel":0,"_runtime":1359.864262739,"Episode_Termination/fell_over":0,"Perf/collection time":0.40415358543395996,"Episode_Reward/foot_clearance":-0.2629344165325165,"Episode_Reward/foot_swing_height":-0.002785854507237673,"Metrics/slip_velocity_mean":0.29854199290275574,"Loss/surrogate":-0.0038744790275814013,"Episode_Termination/time_out":4.25,"Episode_Reward/dof_pos_limits":-2.5409162844880484e-05,"Episode_Reward/air_time":0,"Curriculum/command_vel/lin_vel_x_max":1,"Episode_Reward/foot_slip":-0.07524826377630234,"Curriculum/command_vel/lin_vel_y_max":1,"Perf/total_fps":216980,"Metrics/twist/error_vel_yaw":0.27761217951774597,"Perf/learning_time":0.04890131950378418}